house_id,area_z,age_z,distance_center_z,quality_z,price_index
1,-0.9232332461109043,-1.4066610968482223,-0.6115178029919482,-1.3516846056163336,430.16596856698413
2,-1.344450511034277,-0.2817846088605072,-0.42018681709585726,-0.9186519464841982,439.05269289268716
3,-2.0674421000398766,-0.03269474809409311,0.3840654489393073,-0.08912003951278841,460.83450354042577
4,0.30740669780910074,-0.27681329988892067,-0.221253623585772,0.8157372125392968,475.12612880339293
5,0.9163276747024814,-1.9982006845321076,0.07863519031609059,0.3464884758979927,542.4783576590232
6,1.6324113039316352,-1.2477831819648495,-0.2525681513931603,-1.4301413779606327,546.6836873145685
7,-0.6248185776956788,-1.2795769667357015,-1.8408742313316453,0.026091050210833786,409.81883031267625
8,0.3109075655980046,-0.21344715171184725,-0.718444221252436,1.475356216949552,504.07583503077484
9,-0.646227309843803,0.42719436187168486,0.9694572005267368,1.775310892609512,520.3688603021886
10,-0.15005558703252672,1.3757068133116195,-0.29756350335999193,0.12557645347154225,528.6858902203695
11,0.7999419019420501,-0.30317978283427544,-0.01941960588773261,-1.616310608436588,527.8221851863148
12,0.3241663524884421,-0.31026675659345604,0.6819529712949639,-0.13014305436768459,478.173182992799
13,1.246085192497629,1.0915068519224618,-2.650969808393012,-2.0733902324081495,417.8353158158557
14,0.18102155870370695,1.173473857485325,0.6628812686674127,-1.2968319479558466,510.92064000984675
15,-1.0676204293825944,0.6228499323474987,-0.45006547147924364,-0.1423794850212935,488.03461109022123
16,-0.7303666317171367,0.6795977489346758,-0.7153037092599682,0.21645858958197486,448.85720260916105
17,0.82206015999449,0.4127809269364983,0.9633761292443218,1.8967929826539474,619.6993824005963
18,0.028181157369128247,-0.8984679817910373,0.5365098435704035,-0.009118996644203544,509.4435145509204
19,-0.38817681854122876,-0.30246968648812833,-0.6134026635409398,0.1704162223754877,461.5591439589106
20,-0.3653215513121087,0.13653533108273744,2.013387247526623,0.1846803058649084,589.2635524551356
21,0.07156623721939247,-0.8560838259088672,0.8303358165442456,-0.4776574467651167,566.883738519798
22,-0.9194242342338032,0.4735924306351816,-1.0623037137261049,1.5499344050175394,432.28758407034815
23,0.570890510693167,3.852731490654721,0.5150476863060479,1.135565640180599,567.0126202021374
24,-0.7539645888666763,-0.06259312789952241,0.10420110395187607,-0.28067507686677406,509.45361008197017
25,1.0291556373256436,-1.7025836042378404,0.40825275571447184,0.472597482413043,539.8600026385748
26,0.7082144232565571,0.018849622944847662,-0.09858813228426173,0.23321613126350166,541.9705277321877
27,0.6387302220291846,1.1870303055603801,1.1055259329579838,-1.1430049127304835,550.8252245974744
28,0.5796331732135757,2.589563642018614,1.1873860515647512,0.32579631658216646,603.0549052620651
29,-0.949398888831943,1.0536417966078395,-0.9758732529773327,2.632382064837391,513.936337988115
30,-0.2918112689155441,-0.2523535021262876,0.3230792731160291,-1.563190808696657,451.4673573557208
31,-1.3281860488984305,-1.9596701238797756,0.2088635950047554,0.19686123586912352,427.92490862673526
32,1.6699045043514062,0.5885784044206096,-0.5805234498047227,0.3946715298229811,538.9847331094159
33,0.09933230542922587,-0.977555244798551,0.5009171876243808,0.751387123371789,540.5403591654947
34,1.3103087461196083,0.7796605322693398,-0.30803428418574125,1.395683810789956,534.1546852091292
35,-0.8874921778021001,0.41953244390702776,-0.12094814860778157,-0.43745830032341043,474.57676441389617
36,0.8696059201056602,-0.9221653241776254,0.7569886166453519,1.355637858804951,538.6071423788064
37,-0.5574917850078336,2.2105230015913513,0.9638791167949097,-1.3698029795790778,564.0610452379444
38,-0.30777823495300083,2.16325472330546,0.6454841811410754,0.21915032766393897,552.0199207141902
39,-0.21113023882769444,-0.7191533192424201,-2.151815401329305,-0.987179527151184,401.82104524535066
40,0.5931012579683838,0.6159356069442637,-1.0810633275998973,-0.3095464393139903,481.9261893568112
41,0.8339221545489041,1.0807807255546218,0.5597904479310398,0.4591800792284367,609.2180805629521
42,-0.6056155397368641,1.0399046873960764,-0.6690727386599166,1.8260097135469362,496.1062291335669
43,-0.22648409884983192,0.5820977034686158,1.221033695525353,-0.9594392367234797,535.8215932944179
44,0.2671266510114834,-1.5841359430054898,-1.803139676255945,0.5087250232299338,468.28198805649504
45,0.822544912103189,-1.0577109289559004,-0.013497224737933921,-1.2208436499710222,488.38095025968465
46,-0.39210815313215763,-0.3276621465977682,-0.7020530938773524,-1.4635149481321186,470.30745386344097
47,-0.033126972873797095,-0.7309300399419191,-1.3793192280145272,1.7945578635177877,476.39067492153805
48,-2.4242402602729416,-0.7472116791478234,-0.021367294348436157,0.8840453963610497,417.3620993070362
49,-1.1701130260593595,-0.22476540189268354,-1.366878698415421,-1.8019804375800197,392.576546579259
50,0.9817654869915943,2.2524358053443088,-0.6881503451777238,-0.32483138350862245,497.2870330428558
51,0.5387559924463692,0.0760053914124115,0.5583269125217224,-0.9206735930793662,504.3013189464318
52,-0.2176812032272203,-0.20219265243389406,0.5470973811700379,1.09877685198719,540.5712343838421
53,-0.5518581458924467,1.262584103427182,-1.5256563145700948,2.5581992856682523,446.37520365097936
54,-1.4789115687741288,0.3918040054025465,-0.5462444482524828,0.18335991977915564,417.6452430507398
55,-0.6255627015095294,1.3800913541474515,1.4765403497258958,0.39580353343740904,507.3286201148668
56,1.0302834540318422,0.43004164719106963,0.38193545223155334,0.23878915902651351,529.8308268153422
57,0.132969674146876,-1.0265152994110602,1.073631749859772,-0.7001208149391732,503.51998284125096
58,-1.7730324682068814,-0.05139372358848624,1.1260502507721681,1.2619215007139917,480.41986840689714
59,-0.1681438185847896,-0.620847598251116,-0.7877837519082389,-0.47209057769712737,433.5588749265098
60,1.2897527540827456,0.38115838488277776,0.7533416211045325,0.6731813512699584,557.7333452572252
61,2.1573082132655035,-0.48791140814570266,0.6779258713392691,-0.6057149230033384,583.1058103407754
62,0.2891686439078181,0.4924512640081491,0.1664522082130561,2.4553001399108942,554.0141570956994
63,-0.9815086510479509,0.010233061019587049,1.1631637521549596,0.46210347426327075,520.5293627255212
64,-1.4785862457798415,0.7708651938869668,0.23561455810856594,1.143754043206929,473.2184497310815
65,0.19584525509768155,-0.7783047254023127,-0.5397596803093615,-0.978372777615032,433.2612598081844
66,-0.16306696394376388,-0.8818746512277178,-0.026521259249060063,-0.7449026448064491,463.83675485604317
67,-0.898414671348358,-0.5769036556624031,0.9504238381860503,0.4919191715065057,486.45461103721107
68,-1.234348871879922,1.6155828235482317,0.9648516330974576,-0.5924642591528942,507.90677411951685
69,-0.2489641484790735,1.7553408424432044,2.060747924881987,0.9715709509543554,612.6609207049967
70,-0.3427145165267695,-0.42064532276535904,-1.4153707420504142,-0.8022772692216189,406.45204955495996
71,0.5655096456315442,2.601683114180395,0.24075317948856828,-1.7607627591558177,484.4729446983773
72,1.732514999485092,0.14294309476370676,-1.1939250063990554,2.2313001461926323,580.5232391614375
73,2.4457519796168263,-1.1254890472983765,0.2799686263198203,0.1292211819752275,582.7726730753283
74,0.918316606002313,1.3920022863445993,0.17989415115347845,-1.570500603623177,493.5356962520822
75,-1.236950710878082,0.7818228717773104,0.25988279424842353,-1.3204566130842763,440.5687714038472
76,-3.2412673400690726,-0.05952535606180008,-0.926930471578083,-1.0243876413342898,360.59394962224974
77,2.6443433470170348,-0.10594835430413566,-0.46531045678005334,-1.5029703283951532,554.7797064062742
78,2.5600845382687947,0.12200981464536144,-0.5756378262377739,-0.09605989972464987,570.3482085709759
79,-0.9913923494563072,-0.8469613483183278,1.5945050632249722,-2.153390113603715,525.309986700607
80,0.26912694124510733,-0.3916485674217911,0.3080505395041023,-0.3431922754974105,467.54217369187086
81,-0.36361221221385587,0.1503017614618776,0.11422764866203965,-0.056945623721067457,526.6480069535329
82,0.8951932200277323,0.3934853854217496,0.6982233136135899,0.6351718016819695,578.3897760858769
83,0.2010990467149675,-0.05761879703358539,2.403415585238275,1.050654396007612,591.6119407518964
84,0.15041890514357642,0.49568188797260465,0.8700677306887542,0.3649610024662254,577.8436634290266
85,-0.172946059923423,-0.8848027140269009,-0.4432822511915103,1.7117084801423434,477.1091115786205
86,-0.7345915767980492,1.1647393544571714,-1.6151318159055095,-0.810252437014381,412.4993346435265
87,2.1709427174978138,-0.8432465953161917,-0.24606248812994858,-0.1758858124323366,564.7781999006438
88,-1.5506634310661327,-0.5034756541161992,0.09965136508764122,0.06856297480602733,457.21454735349937
89,-0.07160125941406395,-0.19634984908497827,-0.2590421458207031,-0.03722223650984159,502.23169722563773
90,-0.037634702424848364,0.39913611435207086,-0.5449190868089497,1.1033018820165215,486.87455502712805
91,-0.6626237589458467,0.543360192379935,-1.6694052811213718,0.5705986685931593,409.9929814920995
92,-0.5503051538454201,0.2606737658239071,0.4940301862827388,-0.6716233679380516,503.17362312374166
93,0.5697672802322039,0.4567532191537839,0.34272534637770413,0.44770856001731496,502.7056844280778
94,0.4599721429391164,-0.7534178703461835,0.032004149065766624,-0.6777153697521061,520.2770198910739
95,-0.2573765374233451,-1.0227925651984056,0.6135179727304166,-1.6685840738775894,500.8338577728526
96,-0.07964139124571515,1.4122205554154292,0.02421945667275807,0.4523717962497339,537.9927580150201
97,-1.0962750868952018,0.015579047581467534,-0.1730718242838696,-1.4400508825942944,482.3048452382384
98,0.12229750303228377,-0.429405541125253,0.12522450264790727,0.5432980290363879,562.4516515839812
99,-0.22485598180807856,0.07685188295876821,-0.13125696709230472,-0.6500025808234597,491.90545511782074
100,0.33126343140356396,-0.3092123758512146,-0.8392175232226385,0.9755451271223592,502.06276887467277
101,0.5112025995249807,-1.830632896856457,-0.6540756831274238,1.3736585451629577,462.0607529678071
102,-1.7249178325130328,-1.913280244657798,0.24196227156603412,-0.5622875292409727,410.3837316254111
103,2.056207129940322,-1.9663565893760018,-1.0448091940210336,-1.1032083657216831,478.2302866033409
104,2.0883747047807275,-2.8962553781936893,0.9980101098596522,-0.13958962815517376,604.3736645359187
105,0.44381942814622843,-0.7076694656187807,1.2669111491866227,0.7746340534293368,606.5537869977824
106,1.6153756894694418,-0.9224101844985025,-0.3917581490438219,-0.3223204692113399,524.9976128105354
107,-0.10015407647995278,1.2269332238843076,0.7660802783846903,-0.20367375017696587,510.2945010872262
108,-2.038124535177854,-0.4080753730215514,1.2012139221639448,-1.008086310917404,501.1715497834467
109,-1.6064463202575725,-0.9555404406004258,-0.12791759148076653,0.2034636358672231,435.2687929613017
110,1.1792971840638264,0.11567463429285867,1.551151975522523,0.06751848141010895,597.5822577022307
111,-0.01901620790268883,-0.1599385299634271,0.8576596232020194,-1.0025293646378088,537.6240969390576
112,0.028744822934817487,-0.3933388123273607,0.3686733088729012,1.2784518626072987,552.7935995803375
113,1.158595579007404,0.787084603742452,-0.9746816702273214,-0.8206823183517105,476.25988676166776
114,0.03800347816820029,0.4363236696740321,1.7275431701007113,0.1200313267182613,586.7859972764371
115,0.42961821913258585,-1.6609609335159914,-0.07016571145864703,0.20768768716311115,498.69819582931393
116,1.0760071385985983,-0.796025856803489,-0.31905393566661816,0.02131164867194222,501.63244695177895
117,1.477894044741516,0.3571125715117464,-0.21967188783751193,-0.5182702182736474,463.72578361621913
118,0.06699071722487192,-0.2813275571182134,0.7368438970924334,0.5159392177040995,499.96282488669965
119,0.738810480887503,-0.2595466775839172,0.5131057981760827,0.6153674840130534,557.4099932050142
120,-0.46603650186824225,-0.14760258629866868,0.32316771418478146,-1.5947030672667954,455.11900537029317
121,1.5007597906343109,-0.4281151609659125,-1.556581898659751,0.8502217421134929,496.4452525977319
122,-1.0727430257398065,0.7479102561175338,-1.9792998103757877,0.23924686411114954,375.8555510738482
123,-0.07049877805909122,0.5296927543567308,0.056649924897107164,0.4865016438262019,531.0032615188131
124,-0.22346598237185214,1.8381836767951225,0.36728731340134063,-0.3493167961181975,512.1272094207712
125,0.7942646796218271,-0.5290526773462948,-1.5625458568865427,-1.2542894231692494,423.6321892403131
126,-1.0065425652796411,1.3175975356079597,0.1684609762696143,1.1398785611290454,502.8651582855332
127,-2.5302875227463297,-0.9193845915864234,2.0740826697499735,-0.2860042218801108,508.4218882331944
128,-1.6834381922209503,-0.20922187374452778,-0.5621680265783021,-0.8058700664961888,373.53980399669416
129,1.030999522495951,0.6116762888408679,-0.6769220003059587,0.9312801191161986,472.68358530558857
130,2.5733598032498604,-1.1065259087416703,-0.26888869055483056,0.05921843401448826,540.7311475975023
131,0.058208718445999896,0.1537251059455279,-0.883857436201133,-1.142970297830623,446.78286315661893
132,-0.4606387709597875,-0.7198442083947086,-1.4785219903674274,1.0571222262189157,425.87690599589945
133,1.083051243175277,0.5607845263682344,0.3577873603482833,1.053802052034903,534.0967661677407
134,0.6385924587773739,-0.9043166251044086,0.25972250172148187,-1.6615200622689599,510.98335846058075
135,1.1487657003721035,-2.8485426206300755,0.7716987106483447,-1.7397137787780996,531.335917318898
136,0.9843223984765838,-0.998354040738791,1.5505004928140769,-0.21398884422550896,577.1894543946014
137,-0.8583577801812136,0.1848361236948739,0.4933179008808892,0.7003098794089914,465.05606671783306
138,-0.30920907704986345,-1.4575514994649306,0.08243975293450329,-0.7521564055905832,451.69546258261767
139,-0.42930222451725997,-0.03703679704841202,-0.6117690909052854,-0.692420979873856,432.59517801291406
140,1.1731246375866413,-0.33381948975600995,0.6969544045107356,0.3696421921980939,588.5168487031908
141,0.08182935854756501,0.8384907744516419,-0.006070911539893324,-0.09888965319114267,497.3669409281777
142,1.2004139079444254,-0.9716140385106515,-1.3471262895296965,-0.6568942789713957,439.17661310948864
143,-1.072139011985607,0.08614388304637476,-0.8275902206487197,-2.9213504834946074,401.47257609440527
144,-0.33477533210654087,1.0299608175811612,-0.643549832317462,-0.4036484632419967,436.37773165607257
145,-0.24415663529064868,0.45353430151397983,1.613711269058647,0.9640871682883573,564.5850331107829
146,-0.24032539815813503,0.7129984301723881,-1.2221278088919454,-0.3748208075495975,494.6478603393435
147,1.4412732890661155,0.13074057728609134,-0.44004448669698376,-1.4358621511794394,548.1885628923382
148,1.5284684264125317,0.26859227886325693,0.0570131248970845,0.5078357562896237,518.6411315454495
149,-0.012246772846914623,0.6283455092642799,0.6241198170521551,-0.8972543714858315,506.4659712023773
150,0.22445181855997204,-1.4643748802098202,-1.2257656630023412,1.0470983026121545,433.10755909646446
151,0.820482181197364,1.1087035805829077,0.5906548306923093,0.5072740311072977,601.1053001665476
152,0.07005216311318138,-0.16882172319001063,-0.1044492185374715,1.1618783026081905,469.8091790088611
153,0.46642998243352635,-1.356581804623405,0.2935579321666293,-0.03564148229748357,493.7716461370995
154,1.179440120721287,1.8314587658543537,-1.3202332070206422,-0.4691756521047048,472.5338358939639
155,-1.3598561409799192,0.04643654815614881,0.19109906801990334,0.7462535660272207,451.8192465349929
156,-0.5302576183724408,0.5040465155178444,-0.9857260463355437,-0.7928728322623442,411.0417095766823
157,-0.18047991359062565,-0.07783719701280203,0.883109777147159,3.193107567844861,585.3288573551052
158,1.301741289398798,0.2992925804064919,0.742095372009307,1.5615111967268527,621.4251059827943
159,-1.4075116947178212,-0.37144086599579146,-0.34268759408034877,-0.7778166875908753,417.8703867771129
160,0.3885786045309641,-2.152890592952483,-1.1033666061738736,2.4929995174327906,454.8037506259792
161,-1.6924646297148194,1.0941915184709485,0.055724912288694604,1.5295503194606137,473.5950341204723
162,0.22213377163371284,-0.30917212346863937,-0.4344962274323156,-0.4787486216634773,494.51515661294394
163,1.0005823180429783,0.9191541736100015,-1.19363683175648,-0.6706202090766449,485.88064729769604
164,-0.18714426500454878,0.4283070972076486,-1.0623935281468797,0.985729995679863,470.77734061174067
165,-0.0952955323869521,1.5774532797634744,0.24938368371075526,0.27902152577033923,471.08570270186794
166,-0.3649527295428853,1.0725073373098022,0.538296079049633,-0.8392096673390064,517.164938834255
167,0.0184183791895517,-0.35151348404130867,-1.8707919210258557,1.6764373122752827,400.7465187501816
168,2.1898029332176723,0.18334200573835174,0.8723206367206782,-0.8082982853551515,565.2918733048538
169,0.028318376130461172,0.6815006973726244,-0.03955515385665504,0.02975613949574519,471.8745261528208
170,-1.5929937335316693,0.31978193414253697,-0.6013676439512137,0.440474737960399,417.35182011794524
171,0.28869362927985703,-0.2500465145989528,1.3924653000643288,0.2603218387712207,585.0805871381184
172,-0.24123605785632987,0.24333944932269183,-0.045586016355497805,0.3520553965142968,509.85370703375463
173,-0.1087601484568576,1.5327389130025777,0.5193465142411723,0.40171172209894146,557.9034604018253
174,1.4027943109360992,-0.9093874547947389,0.7910319470430469,-1.4018510627922809,586.0778849299084
175,-0.8895144296255233,-0.7537361643574896,-0.2453881160028705,-0.8158102849654383,444.95643761972707
176,1.7359638031652493,-0.6891878180895679,2.0752608726252655,0.1979107834626478,632.1676080464993
177,-0.7050118557584089,0.4190190093660452,1.6725723868377034,-0.05576907765770601,531.68861396557
178,1.8861859012105302,0.4040508568145384,-0.16128571166600914,0.17457781283183896,584.010970196135
179,1.196631486645651,0.4446026682201407,-1.1958830620351844,-0.6097829043193822,475.5149465002478
180,-0.4461834332147797,-0.6526239793023909,0.8406435489887241,-1.889540730945531,460.12000580982044
181,-0.18687164416135904,-0.8946073022195039,1.2557561255735208,-0.4397310582741749,570.920860787995
182,0.8128621188389601,0.30729952087660933,0.8995998754332507,0.6296288419236122,570.5086774197335
183,-0.04692057887918407,0.3465038817307158,-0.46770120131189136,0.47704082722312147,474.72450956615313
184,-0.9824873935383096,0.9407711879882159,-0.9896281365703375,-0.2246331499970246,455.4557397894885
185,0.9192289345752035,-1.4382779783173667,0.11327041053776446,-0.668144085538994,491.058999637385
186,1.277664895788425,0.117327383308782,-0.020901593964148132,-0.5915713888358299,537.9380029186733
187,0.11958036841415326,0.5792914996010884,-0.015309849172995557,-0.9730689408815555,442.73737582185237
188,-0.9896048202585809,-0.5112156764311852,1.593186626639397,-0.12578692009964815,497.78302669302934
189,0.18676676447707832,-0.7257438131534656,0.517659020469123,-0.7553829323533225,474.46070355864737
190,-0.44643361455052827,0.1866091231563581,0.6078965097165392,0.19408999289830758,534.8764395928641
191,0.6862601903745135,-1.867265192591748,2.3146585666735087,-1.6127158711896517,592.782536656922
192,0.9503075919735757,-1.067802921579193,-1.053682419146354,1.7106133725819253,491.2724119743504
193,-0.7043436905427592,1.0490092258368893,-0.5227230205190395,-1.4084612963635597,445.61148946198534
194,-0.32034730819432017,-0.48388583405432156,-0.6514180036144483,0.4241659464019164,398.714670547352
195,0.8004095252276823,0.43192254467394064,-0.6414815952229522,0.7542913298135743,537.2330166446133
196,1.185704154662997,0.5366527525272862,-1.0469109826819396,0.7189533106650667,540.5606513274573
197,-1.243863235391285,1.7495767431869393,-1.4026052717996935,-0.6929051977959073,418.5364147529579
198,-0.9080240755212109,0.3142473325952739,-1.0128311203344238,-1.4123037013352915,429.9724244433073
199,1.305478807154329,0.8135096360006385,0.8254163489880298,0.02100384163275905,548.6477493234975
200,1.8489560949453452,0.6962063648134184,-0.23093453020867796,1.1265650295477574,551.9227578786604
201,0.22391413406466143,0.5524899544171478,-0.019637798926681216,1.3641404299738442,532.0547993987065
202,0.14866745720211155,1.490726136849952,-0.213442870930208,-0.33708597111803934,503.8394403812997
203,-0.8756182533847572,-0.1903386780836082,-1.0372461543264564,-1.382799730964336,428.5089694293973
204,0.28586539072490497,-0.38770155993598415,-0.6127886904843862,0.334456789987025,477.2192376143863
205,1.2065089665083568,0.14671368643332283,-0.16711808031685435,-0.8169356709872361,480.519150040936
206,-1.2608839543350452,0.40498171096095553,1.7654542402810969,0.9178619470547761,479.7815084375139
207,-1.8751724696457446,1.3404504460231446,0.31917451041918043,0.11502607914741717,436.91344012673244
208,0.6476885381006925,-0.13826430117118466,0.4967141530112327,1.5230298564080254,511.4665563392392
209,-1.389572466763596,2.2909425725907417,-2.499405714873573,-1.6453987469568918,325.8741832517517
210,0.12637957954641182,-1.3459796802467485,0.8712972974572442,1.9389289990582848,550.9616345600652
211,-0.2595913513636048,1.669021525289393,-0.3357846992901282,-1.5031429531181062,511.1210088558862
212,-0.6124373746404379,0.2871241652018242,0.9531366339132451,0.36150352520610163,535.4038840212766
213,-0.19068240076334658,1.9140313538667861,-0.6237689606958051,0.21743287317972287,466.0634055334787
214,0.005243699718183166,-0.5993750229537729,-1.594427658794367,0.046980593764742055,402.10243953235124
215,0.9751197334177512,-0.6771617115121117,0.07580455819372633,-0.14705738150213865,527.3034805141936
216,1.5475052013300616,-1.515744114997232,0.2029230208512997,1.7958776730955217,565.9941418631456
217,0.06980208499001891,-0.6002168771587947,0.19905969557347003,-0.3853135968617602,507.23265219994386
218,1.6449677135012837,1.3668742674445247,-1.5151910621985523,-0.24903603955637832,501.4723937998333
219,0.5609194479412387,1.598647170504717,-0.25879606266710237,-0.29548031802916036,482.8379911970741
220,-0.2949496782920278,0.8949243769444413,-0.7184072655691974,1.2477420726737338,475.6418897883858
221,0.650201177958661,0.8724573282801447,-1.2803043986708944,-0.09917586377938291,492.374534750058
222,-0.483186462299374,0.647195939702741,0.39922312260527926,1.5739867632900328,552.0357353346917
223,-2.553921134901955,-1.4848979684499035,0.9495541354413237,0.9343199112392737,467.6106471721323
224,0.35701548596504734,0.8496020970210246,-0.5893647569442115,-0.6929095952606542,516.4741679025357
225,-0.025026958745143917,0.4746982328799528,1.085895565831578,0.8177662992002871,553.7550662118045
226,1.0062928092144405,-0.38455554422982535,-0.8604133652839524,-0.5768918695231487,460.1540609525724
227,-0.11453984525261789,1.3538723741654128,-1.7131345290908775,1.2378163119734618,477.07408242701894
228,0.4810092317367132,0.725766623898692,0.10939479460489289,0.22388402427913137,560.5490619340283
229,0.324083969394795,-1.763040155362734,0.3436182895684614,-0.38508228041631654,502.7686261520241
230,-1.5708761520684993,0.4477169258102776,-0.10730214400422888,-1.1267674689098053,416.1382215187402
231,-1.2295495944524168,1.9583474542205939,1.100959634998571,0.4966992232365217,510.693588282299
232,1.0375399442578992,0.3336621052869483,0.47897982574639186,-0.510016398854747,552.754678760654
233,1.328194141849058,-0.25083301645504735,-0.32267983884213575,0.5562300094006599,528.480007387345
234,0.20838280794755248,0.02688583899453078,-0.22096417382966393,-2.0417348684242906,513.5667027280399
235,1.091310120594269,1.2360931752104374,-0.7355299425897666,0.609138120907177,542.5173983455992
236,0.12810441491078928,-1.4307751021180481,-0.04015795064434341,-0.6810516574748808,463.36001953860125
237,-0.5767713305683327,-0.9075636620415979,-0.23894804686640975,0.755391225825756,489.3687179072949
238,0.5211224283793383,0.28555407485765694,-0.05489400061628639,0.645215585950057,493.57708596219277
239,0.6523228784134196,0.8836599374866724,-0.17262729994081963,-1.5763921569842494,533.8746521253706
240,-0.6763923020592697,1.4401172154494728,-0.08973569428722672,1.8009404329108156,504.8580353978126
241,-0.03275327021599839,-0.5468589412403921,-0.5736620068802363,-0.543424771133765,477.52058649298885
242,0.1764415552772252,0.6931056072631441,0.42881650033057295,-0.3670278390833223,506.06984298870464
243,-0.8181988834223072,-0.5511857163285334,0.7783610761666377,-0.0033744574109520514,505.9783158643124
244,0.25049285034587654,0.29698467323318606,0.5219415656168976,0.3464482094969757,525.5601243167921
245,-1.0016200098949155,-0.6819842479977986,-0.24717738252059693,-0.2811002928859549,411.0973662415371
246,-0.4263575962055433,-0.7517910500951843,0.29875290836568624,1.1484457091967548,525.3600782136433
247,-0.06267909727317188,-1.0592135218889516,-0.5138669173366935,0.9551423205012383,474.78881705503284
248,-1.015821818978397,1.1486373494287152,0.20056919723094285,0.06167984984797165,482.7317315132913
249,0.7326400772155792,0.05194588580729943,0.7276295436369798,-0.08071658010858232,525.9053655939125
250,1.5307508323436974,0.5999287299962045,-1.2096947428411076,1.2187618516973167,534.1530623765971
251,-0.018708756445897416,0.19473619471877485,0.655900776529761,-0.38851845308888583,516.0285118034124
252,0.3227185603380895,-0.2886586389201383,-0.01851313599238993,-0.827230943552323,470.94503895367285
253,-0.9037018607301281,-0.024195606390916165,0.40373009033660945,0.324359281721603,450.0760613772955
254,0.3514482075415829,0.7083038472010638,1.188913371474643,1.0701502383164274,568.9319272588867
255,0.2110174672026184,1.6964563682900382,-2.081929407883722,-0.09671311187039239,423.7926746948699
256,1.5792128155073915,-0.23413695694918055,-0.23415337472333597,0.7674347291529088,557.8588377946147
257,-0.1769472274940494,2.0102045387663496,0.6585442726728304,-0.7982972445384537,508.85731808738024
258,-0.8182206832334725,0.5951570254369136,0.09699596499271819,2.0923872756854602,488.7978530788555
259,0.7589285897867651,0.8534155587803077,0.594754341665286,0.2811914239693758,569.9003324562841
260,-0.4646172972983931,1.1876793884615637,-1.1790397911598025,0.2011596558728393,458.7227756027222
261,-0.17495975669540864,0.9920423495365228,-0.6680904536430488,-0.7557451594928447,486.0860297930134
262,0.5839281853259639,1.8467073257360336,0.6818914896263114,-0.35929209078705954,589.3634723536254
263,-0.535963445114048,1.0859821161750323,-0.9354387020445953,0.8080577982811451,450.12184364477537
264,1.0857863249393471,0.4676931717654332,0.25373966149457344,0.09798315347089544,553.0139030643223
265,0.0438114719791096,-0.12982069973342616,-0.1852876588777083,-0.14700200162848862,483.47972395215726
266,0.7250957868479971,0.513085420097293,0.9531250453760867,0.5161782871149584,587.4768436891354
267,0.9751976297824297,0.23836898273478513,-0.9273531341905741,0.5010941699398452,547.1388654934788
268,-0.6017066122293969,-0.2916937497932768,-0.600638689918805,1.8522781845089378,454.12519732543444
269,-1.1063349740060282,-0.18565897666381712,-0.47917423784528995,-1.1962066240806708,396.4166122108748
270,-0.3152692446403456,0.651391251305798,0.9540017634932023,0.7589692204932674,562.4247592962848
271,-1.2946814757209058,-1.1196698946261439,-0.36244094140313216,1.1608267873785194,454.26959092254606
272,0.6963874474567153,-0.4532280493272752,-0.17018462252492844,0.9553052085705107,500.88107945602354
273,0.9356783931474612,1.7522704434236227,-1.1105758454658288,1.2715550949941588,516.9007998342975
274,0.1053755061459599,-0.9683444548636353,0.5500520990245519,-1.3340254949182044,479.91772021479227
275,1.66125921454787,1.772251596669744,-0.027514905050636255,-0.45709625658627184,589.3341399795215
276,-1.5193699659540134,1.0324652605511468,2.1221561970126332,-0.48423407286625136,531.4790134845229
277,-0.1973384203073261,0.08958068125524882,0.5556044660034485,-0.1512732836535117,534.9777946964059
278,-0.5522230442809712,0.4714155563864041,-0.8323555731042287,0.6329318177555108,509.4818650882421
279,-1.8362053731032966,-1.331232953557778,-0.7859894605079495,0.5079913269125437,417.5209457128539
280,0.5436001545944323,1.1727290192593647,-0.025554070991445278,-0.37061433208610595,508.94448838490877
281,0.22409248181041677,-0.40122047188583626,0.6901439917111125,0.01259240078179486,531.5102316717387
282,-0.5956612940434921,-0.6537663386488198,-0.9057323008626189,1.3744380931708173,440.96159077849734
283,0.6337768809320985,0.3098207102270275,-1.1875984190295128,0.41379909745149823,502.5891353522637
284,-0.1671217137864115,-0.5830774385689385,0.8604734883597454,0.28257995048829965,490.4296045255592
285,0.27669079933001905,0.3411519748166439,-0.0771017094141042,0.8271832490360238,517.7136902537729
286,-0.0349884904969617,-0.7031764251258874,1.1492733262856758,1.77080063563551,544.0315318191147
287,-1.1227220215622986,0.6748194921666038,-0.04946370965243295,0.3824097461840506,455.77154551101523
288,0.6725737012027313,-0.24125765461854246,0.40981865692851255,1.8998819348952156,573.7556736183436
289,-0.5711789897827968,0.6408428612670098,1.7976865268495226,0.5725827813561586,563.5446190846254
290,-0.23893209916969432,0.5467335682013793,0.840620026504553,-0.36682441181468756,554.6647928692621
291,0.010352619843380607,0.5578103063518622,1.3902075490173134,-1.3118362323501596,508.13149278136086
292,-0.9393353938187543,-1.9754665663538713,0.06447441481012024,-0.14408755572161547,469.59960481362657
293,0.49097495163825133,1.6073455760199926,-0.24869112618354708,0.7348777860498175,553.586113533438
294,1.5231240772696573,-0.8612842013282637,0.0773683076476183,0.5389100436846587,584.4339272076614
295,-1.0121043752601675,-0.42688106994742003,-0.15800789857898942,-1.6548566718657693,449.5322310425616
296,1.0560568090660518,3.1377485336599937,-2.1356742139786955,0.22323891412915967,509.17368564414693
297,-0.02435459226098284,-0.573700003938579,0.5228354880354996,2.1422703586118637,545.4009463806118
298,1.7269638512334051,-0.372833152091767,0.7223813578277714,-0.39963618561460235,610.6866780032581
299,-0.5487249077409615,-1.881849045497639,-0.12853751143893075,0.09284490114111471,485.9639091094284
300,-2.123895724309807,-0.5993926454440222,-0.8397218421807761,-0.525755021680761,402.3834139903578
301,-0.9649234605801045,1.3686315575323487,0.6453759495851475,0.6860514599984393,495.66166832449085
302,0.5866938014752747,-0.25890497370407733,0.28328787154614216,-0.47490365662252443,539.3189856377263
303,-0.661786464768388,0.18645431476942764,-2.025142586657607,0.852433334796224,402.5827465085549
304,-1.6275424378831627,-1.804882100664519,-0.7632591565425169,0.048084946661381994,386.43489305258885
305,-0.20902325728602528,-1.2242982362893657,-0.13845598398377382,-0.8505204542093001,500.44530820861235
306,2.1439440893253257,-0.6516003476058171,0.045571839903813784,0.6339190223180112,589.137229514539
307,-1.1913034972026486,0.4738329209117875,1.8657745111447566,0.6565536086338297,548.6260346297555
308,-0.02730453950993186,-0.15852957302697002,1.1965715016644913,-0.933267959073196,563.7840335390085
309,0.01843393306539316,-0.18398333635267913,0.17086543812794186,0.34758170536167105,548.5785185441034
310,-0.46341769281246226,0.5425600435859647,-0.4694743859349521,-0.46572975357025687,463.1644879507407
311,0.043602446372453724,0.5514853760404675,0.12320480678448567,1.695051040430753,536.3473843772929
312,-0.9993022322949108,-0.022868062298882122,1.2969945465611092,-0.5047749212282174,538.372861085293
313,-0.007972641316617372,0.8816397569494505,1.6871416350725648,1.4799441388900259,561.1329971561859
314,-0.48943944251822213,-0.5308687729203206,2.5269324258736217,1.044160877069072,577.6518108117375
315,0.0917607765355023,-0.29900735046586746,0.08704706823817122,-1.9875689146008928,449.98865702894557
316,1.6122782579886454,0.9528745472029388,-0.13744851462769186,1.3149144535840473,588.7718636711787
317,1.1581108735000678,-1.2141886127877322,-1.006017381499702,0.7916626939629359,469.69631954568354
318,-0.3609661658190799,0.44426331148603976,0.7109599682034915,1.159329803364248,491.9617905072711
319,0.173180925851182,-1.245738778711988,0.21409374413020396,0.3853173797288368,494.35773672354503
320,-0.4830610516834395,0.8950383140761154,-1.5811907020321334,0.14679301198554937,411.81471651849813
321,-0.6997255079925856,0.03526355197172861,1.9647251329163893,0.213979910734222,553.4095889818911
322,-0.016422896072752075,0.2237879516388985,-0.5176112990361714,1.188393273448084,488.49239964129526
323,1.3842728185105182,2.439752406339273,1.0225704320096403,0.5639091200523596,625.3426884787965
324,1.6654744444625766,0.9826909839455139,0.25602973431387566,1.0143700650181304,575.533237357968
325,-1.801057734152739,0.5008444749444569,0.6380511014407572,-0.5426737997340217,510.24625672405466
326,1.0318445394686349,0.19655477651157463,1.4469778843537329,-1.485560373036972,588.5986159884761
327,0.793488720552213,0.8108082731597821,-0.1343087414705478,-1.7485319732381808,502.92163471416166
328,0.9154021177020741,-0.5017570435845365,-0.8084936028931876,0.32875110965968446,503.9500293432155
329,0.5298041779152828,-1.129706854657618,0.8356921120651418,1.4415686206579004,524.3580544304514
330,1.3821589910375272,1.1692955904456728,1.066674689589154,0.6487098875896427,591.5460317636329
331,0.6218099622171964,0.9725544496267299,0.632407739055521,-1.5702247198904564,536.9050530799644
332,-0.9983854391882915,0.46877425607502377,-0.6022120603617805,0.30179189981946597,400.94732975235183
333,0.6327818661062848,-0.4152879139008013,0.3384964074944141,2.270692857804396,517.2363689354933
334,-0.5589218472715883,-1.5231869047837747,1.1950466289248425,0.37721187506452086,541.5563320789593
335,0.06428001909546277,1.088950596967366,-0.47193186578943347,-1.0777447779293061,499.52739939882156
336,1.1428228145150205,-1.168678037619532,-0.03471176970524331,0.7519330326867741,551.7195099420481
337,-1.348185422105713,-1.7101683926566256,0.3078017688920592,0.743264094022715,407.16808131026835
338,0.3376026620752022,0.2544208433012131,1.1677820616598074,-0.4118769661224674,560.7586532170217
339,-0.3216350512173826,-0.3492577043184288,-0.3486521344078592,2.076747983560841,468.1517689827523
340,0.48473281729447476,0.8527736751222195,0.0678555105274033,-0.8463566549908735,554.353963620132
341,-0.5765104007267194,0.7591551603026468,0.541462728204788,-2.59104229214491,490.4849981943444
342,1.1070806692869728,-0.9745293046706415,-0.13263374638257355,-0.12038116395359824,499.9569718865011
343,-1.0810565404082624,-1.2767485758203094,0.27157883719537346,1.0531528533329035,494.6026262752493
344,-0.5551995266931984,-0.0657502610729878,1.5655240292343404,1.8811570694405901,565.1702956531923
345,0.0754336389015928,0.7421274910718922,1.639964529371393,-1.6019658118971685,543.9381871974601
346,-0.8096035199216461,0.2801611588196068,-0.02640575695892703,0.4240610444640897,495.2797703285449
347,0.24496657110872277,0.2436872114919123,-0.8222203955664315,-0.5069431753711298,507.36510214180925
348,1.4926885689595217,-0.8031789506803448,0.9135846262332494,-0.2711236010425688,564.6988748173528
349,0.7081086766885905,-0.1524698363805439,0.1335409047822823,0.9567023167945841,539.6096839042126
350,-0.6267172245899651,-1.3796181647889305,-0.971656734541286,0.8623934723827588,447.5488880692269
351,3.0788808084552377,0.3112501545435361,0.5765569630557664,1.1195749114345768,638.7790482155976
352,-0.20812225035727522,-0.6226995198205938,0.28099186773503265,-0.4930009346588328,509.99126209896605
353,1.8820244964750337,0.4714683571359957,-0.7904744554453119,1.3454200461549777,565.4564894656038
354,0.5689830791852754,-0.5535882417079946,1.6777008140764407,1.628396623128538,615.0118297688172
355,0.12267031599479553,-0.9533286082587124,-0.4827435221820324,1.6246784584695606,529.8784314803164
356,0.8294055811834892,-0.21910052880886424,0.32692737376416264,-2.211135309007885,495.538908961488
357,1.0240625258114624,1.2083662305931424,2.061503576636398,0.5925269492011831,623.8632661584971
358,0.6141667000434252,-0.22096959953322298,-0.11232804969082982,0.7575077100473051,584.115408052878
359,-0.19236096478112252,2.463242112485286,0.06023020994102644,0.30154734233361247,527.2579506817049
360,1.5795721457307124,1.453384477117701,-0.4455025214007718,-0.5228600271532683,509.49195123029887
361,1.3173940656343257,-0.535235211560568,1.0495527153193351,0.19759960469239965,609.5138057582327
362,0.05963036992017413,0.9246336829127688,1.3993554365860021,-0.6469367777055739,526.6614788132852
363,0.00511345664246089,0.26105527217988933,0.29612027706457605,-0.23458713337514692,516.5944510872814
364,-0.5245202662797737,-1.1290517712172292,0.7216720640432351,0.48937456122791806,488.18393299724767
365,-0.08268068584269925,-1.86653661707306,-0.7168223206028049,-0.12174750838328353,462.85596979971945
366,-0.4749453111609562,-0.3345012358409484,-1.2002964070557762,-0.6533292325737119,410.5392525222007
367,0.19652116970147013,1.3291525301324314,0.6427227598675439,0.7090037575885123,590.0945589825412
368,0.7077519354554754,1.8124485579969287,-0.6269670577877674,-0.5624667758942676,515.5314555966406
369,-0.8036745679697308,2.5797093376543185,-0.08828204835125482,1.6391168054440675,509.34643635107324
370,0.7116148780888898,0.514438834058749,0.12029563171189886,-1.1246420918378692,498.11687236182206
371,1.5421099525678756,0.18455130319703697,-0.5642475986573886,2.006092888159123,521.1553536031245
372,-0.08836295920533532,-0.10960980392583083,-0.4363858905265686,-0.3700110298821277,510.6530976498779
373,-1.1509935774223028,0.11092258970986608,-0.5443827245251827,0.37569801834567196,402.4021848528191
374,-0.8353470532597573,0.27899416222380197,-0.6734906242438685,2.1451491277733883,482.45816394284134
375,-1.024186824329205,0.6308116845547775,1.513449743242131,1.8540925663341883,549.4155259425264
376,0.26739231407190295,-0.29027454418865134,0.9190764829877686,0.3216978061960136,565.7865236845743
377,0.99626681944714,-1.2829922241885696,0.07682189106025536,-0.4937565831613125,507.03698357543243
378,1.586016816145352,0.6621306745210467,0.11351734525124804,-1.237815498826849,535.1347882315309
379,-0.07201012158033385,1.356240028570823,0.812525822394198,1.0035328978920242,552.1564520027808
380,0.30263546523903323,-1.146345393018688,1.633431532301096,-0.7542758500193579,572.6667998197549
381,0.37710039390218647,-0.36961033604363397,0.6215718898560508,-0.029262813684978354,535.3480836696801
382,0.2704568257798388,-0.8309501164110378,0.04852162794482699,-0.05023810944913695,505.85713060986575
383,0.5462842480036996,-0.014452270878279104,-0.47383934707091613,0.0064222698109378164,493.96943642217445
384,-1.1057046684859357,-0.4108142879545848,-1.0909664302151982,-0.21492103028873533,471.0162504751415
385,0.1920491164900316,0.39331783939437187,2.319329539981694,-0.3091164642025014,642.1479399291036
386,-1.5839028234857233,-2.4238793266289567,-0.4523063192490767,0.7604146561442974,414.0489920582396
387,-0.4465149520670211,-1.5148472246858646,-0.846793718068405,0.8563987943234723,427.7792453269724
388,0.08228398927542419,0.889630795623437,0.26705026586925884,1.0654803750653512,523.6146419696677
389,0.21319662823768915,0.6713400764504657,-0.1601327955666404,-0.7519693317388191,495.3229576632226
390,0.024510174258942714,-0.7730097838554665,0.09767609854883172,0.49799829124544975,522.0184988113083
391,-1.169916835710288,-0.5327008396619114,0.5136001065697166,-2.8722622132816493,466.95693793451403
392,2.062524919243145,0.42359906559346105,-0.955122579349353,-1.0675329142542729,501.07063228570564
393,-1.5047203740310022,-0.08310557262869477,-1.4063174636718339,0.7600559636896026,380.88453883933295
394,-0.643518230380143,2.165002344901084,0.45588777208160763,0.9278401280812372,524.28695719722
395,0.020793707675407894,2.0574954697116987,0.6191542610051978,-0.7280029412291344,524.640922494203
396,-0.6095122021592831,-0.30522470435466764,-1.0651136630753726,-0.186971302985446,422.36163497637597
397,-0.07443342910004629,-0.24751863555150475,-0.7271371758248686,0.620672097550678,457.0196857738661
398,-2.6197451040897444,1.5646436558140062,-0.03582603910995154,0.8219025043752238,460.627024911859
399,-0.5353281859539227,0.8474216771504216,-2.172669546014036,-0.09053328230416077,396.87597783167973
400,0.924027019206901,-1.251113576385303,0.326133022242118,-0.18490213644298903,585.7882424935748
401,1.0325462043416573,-1.6624919880356743,1.3043402428781525,1.1267051368275833,617.4744498263146
402,0.3088330125989638,0.02127157673606165,1.2382830714336357,1.702214944635238,566.8236760407784
403,-0.15178509503558332,-1.9520877995225019,2.1330333746562666,0.5883172064845765,567.2852836449878
404,-0.773789199103573,1.876795812558066,0.41343490322370086,-1.244654703311417,473.00408116631814
405,1.884586305934609,1.088748619704186,-0.372206776071053,1.543243528272189,555.9395998342396
406,-2.3629324355418384,0.9039348410861953,0.4365598041576678,-1.0097307047099375,416.4407363576693
407,-0.0332299906444608,0.10855970577652314,-1.1437262073206618,-0.2081168572725397,419.7440164329033
408,-0.4593608995402441,0.24822058630033608,0.18186625505849516,-0.8498443694647918,479.18947101519325
409,-0.5923939242388692,-0.48712538376469605,-0.6506425691218269,-0.863990769679816,451.00425542715215
410,0.7094518171390395,0.1904996797790664,0.33198033056901455,-0.43548637056984335,530.3270839029265
411,0.47323762457354485,0.714000494092092,-0.2234627853258509,-0.07282891265687277,531.9423607569983
412,-2.703232292999237,1.0010460925671412,0.1895816165987434,0.6778753195309076,462.09222623544036
413,-0.2549772174208553,0.10643022769189683,-0.7128457826771644,1.5039929885826886,504.1654001212669
414,2.2988981236192503,1.40934744018558,-0.5172884501003722,-0.36283856043965906,564.3890652081659
415,-0.11564828238824053,0.1713682811899705,0.7384665799954104,-0.3011036955892888,544.555280736864
416,-1.9187712152990415,-0.07444591576616721,0.25755039072276437,-0.026513875449216878,418.42999324650276
417,-0.7728776678236091,0.9475264621228578,1.1241127199860135,0.4070522871245351,549.335906010754
418,0.09612077694098337,-0.5160447282173739,0.9382838059759977,-0.4622752887050425,509.1025522344445
419,-2.6968866429415717,-0.2727235697476705,-0.24574306408594432,-0.05429486651781221,368.1424349859975
420,0.9983108981479604,1.5213160519224513,1.2171585208254965,-0.4316203127180484,588.5388036592699
421,-0.553649305347182,-1.035242322419374,-0.10703035995455783,-1.1978778925888485,392.1421231895391
422,0.08658978747289992,-0.6039851867158206,0.37114587337130883,-0.15567723539207948,513.6873269636528
423,-0.6465728842425266,-1.4222537095976742,-0.7563507452843033,-1.081548003614395,438.93940657507306
424,-2.1218548990085946,-0.11806852699107874,1.3171150673398653,-0.6078219870944325,438.9180729847903
425,0.24380071377119883,0.7083564472993533,-1.0212328171307132,-0.5640786307367284,455.16799532675367
426,-1.3985675738191412,1.9094166404701305,0.9261775475316414,0.5629692366905709,525.7279043004451
427,-0.03468488738678118,-0.7677975651041284,-1.0041407667520679,0.23421473253652075,477.50074349182637
428,-0.2685306479058323,0.8968393158655319,1.6122206282554243,-0.8911922254152874,558.2807181589568
429,1.642015160136369,-1.3230897934074983,-0.6389617476895022,1.0098170893426341,535.8723492796195
430,-0.966976143129213,0.42545756178496474,0.7858001586508322,-0.047711356141979855,523.5804254660934
431,1.2657078408647007,-1.0276751409259581,0.15985639199740037,-0.8661748482145009,556.442573147483
432,2.1531824575115563,0.9592708260852069,1.4511436077950417,-0.7673475628880495,605.2027122814836
433,0.36139560550841393,-0.6451197546051243,0.36163602504763415,1.5380365664659692,547.0765695371675
434,-1.183258512665775,-1.7587394864231143,1.0584244868495878,-2.0392321777601006,463.50033700083264
435,-0.6518361078021592,-1.2110161997624567,-0.06607979864731657,0.047398671316414016,505.83018756639524
436,0.41293145427562433,-0.32138584165299344,-0.8254971967925115,-0.5637245528039747,461.0874619628597
437,0.33231401197959165,1.277676821898509,-1.5341141707356223,-0.7484865365565536,465.22267638867504
438,1.5033983017671506,-1.1583646891925428,-0.0036025390905684044,0.8773622905756714,551.1984374869677
439,-0.6459641791245353,1.3748764191481848,-0.18289644110484016,-0.7991920066502536,512.0625709508165
440,-0.2646568332379561,1.4535340771573169,0.01300189187790702,2.720169166589619,522.8882901305328
441,-0.4473218956587512,1.0800480657146485,1.8732977762175456,1.281016361735113,602.4775214356519
442,0.36659824609684827,0.6696725488300385,-1.3044695005048532,-0.9398797863273552,440.83957170144345
443,-1.4183657329330317,0.9325908318730899,0.22468472575188592,-1.7608088119807759,482.49540700022254
444,-1.0708924980611123,-0.8571575564162826,0.6256673477650062,0.4824724152431853,491.6934299384891
445,-1.2899608997410539,0.07331796718840389,0.8231705839619146,-1.295078772063616,503.12789222738536
446,0.8711247034316923,2.075400798645439,0.2897748568964129,-0.32602353216784113,546.6843736189585
447,-1.090399077442846,0.44194064956940904,0.16865467196672768,1.41093237974627,489.30788849968445
448,0.19808476076785494,-0.024125087110003277,0.013929291912946203,-0.14436041192394247,499.864554786791
449,-0.0821511783925688,1.4437646040732595,-1.251539424190444,1.1172958315881276,517.526469681509
450,0.597400069849858,-1.2276078151369925,1.1894704889246406,0.7011727423108983,554.0043658128443
451,1.4205042479898549,1.1890165311075518,-0.6373871273065177,-0.5707462937494763,523.4618503421852
452,0.14088624691120394,-1.1196174332890112,-0.4888494217862741,-1.7684393655628516,452.23308858372764
453,0.33088023221445706,-1.5558956462036273,0.2337859117907477,0.8335289616089246,541.0144407076268
454,0.33848384346169114,-0.35316629281068834,0.19438430157733602,-0.29540141013902943,522.6251082823034
455,-0.7084067669104628,-0.060660813814620775,1.9011906857530074,-1.5137143926128271,552.5369624403709
456,0.7472936051232618,-0.5601810401969696,-0.8289950109220723,0.6103702654334648,484.14072656272185
457,-1.4480843414973241,0.2320499373576363,-0.4710383056183228,-1.4074637743765552,424.38936641969667
458,0.6347214685617699,0.4891871301476635,0.3506300992735592,1.1096998419562232,543.6094101440275
459,1.0786808334312956,-0.45888426286894,1.6839276914578687,-0.03850846950070721,619.7292695501266
460,-0.275051697151644,-0.57581824064468,-0.5305011476105275,-2.301921164735585,459.07183872528174
461,0.513907849658915,-0.6777449705248515,-1.0003313246055747,0.17958178193959795,502.8303973475865
462,-0.4442932600761116,-0.9787637157823074,-0.26987493529337125,0.3773004930448522,477.0100373872681
463,0.29307247329868125,0.23225369716100355,-0.6800247215784908,-0.7143514180263678,463.0404501304488
464,0.8135172173696698,-0.3220615162056756,-0.7832532923362371,-1.2308643164339552,480.06276046866134
465,1.502357052096028,0.7175422557959623,-0.26940683444455776,0.07409478041977519,548.019474468279
466,0.06752820468792384,-0.22577630048653566,1.465648768921554,-1.4247481862134568,568.1575085099089
467,0.57707212718054,-0.7968952554704768,-2.4716445001272893,-0.2030453860429927,416.1121719608836
468,-0.11122606134870032,-1.4137144969049802,0.169360824036078,-0.9039076414647897,494.63741607278007
469,-0.6231405264247644,-0.5309969550018176,-0.637739984251316,-0.5554771191602547,431.7119838473278
470,-0.78489831308224,0.014688194729197093,-0.1340171666729177,0.648280433843859,478.45841106603837
471,0.34175597577715944,0.15039378647620763,-0.759132661553698,1.8761708392158862,512.2444917422133
472,0.43693816974634986,0.0030460201534144695,0.1605739810498646,1.1906462747863413,518.5063970634162
473,-0.9885911071509175,-0.09833962679474989,-1.6929568141953855,-1.103589317215771,399.9570240896895
474,1.2276689924732922,0.37405656984757213,-1.9937356425714554,-1.2096410186912054,435.26837017442415
475,-0.5286166817497568,-0.651356893791829,0.3996879517526416,0.5863640187550933,538.3844457312412
476,-1.280429352496283,0.6060099513456396,-1.5566291735239037,1.7547941819843647,410.69177935039204
477,-1.7033824393551547,-1.3801014582148914,1.6286155455712918,-0.05554769889661878,472.1032349773237
478,-1.6074832345612275,1.307142754282428,0.22745993460412942,0.1846338585323042,419.6386575693339
479,-0.22647889190152676,-0.82688035403986,-0.877982586756561,0.3673655068161781,417.56294193389783
480,-1.4218106667418438,-0.7567950885694608,0.9960476858058164,1.5013336519554867,509.1542608378095
481,-0.48536354782910346,-0.23681860674000887,-0.7728252145375718,0.08187413938632256,457.5168915020902
482,-0.9905363251306883,2.1904556258099785,0.5868570938002703,-0.5662977296027719,566.5042594075101
483,-0.7019916878067554,0.04059169120388238,0.04886007032570433,-0.6629009175509482,548.1600484981764
484,-0.5816809139486437,-0.20358036010236177,-0.3791277409874871,-1.0147567306928669,468.3159076763679
485,-1.5255251709247388,-1.0700847663261526,1.8466369960476658,-0.6919080698812444,509.8680403786198
486,0.5935567222808619,1.1337700968670645,-0.194908280352681,-2.9403886346642802,480.6418053738075
487,1.4711703274936085,-1.6135613978767411,-1.3719011429313563,-0.20932367715186612,460.9225153878956
488,0.5150352672086598,-0.9378250399151228,-1.377669367957091,0.5137859509122088,440.91058514468597
489,-1.141689114133505,1.4775300810552618,0.08840688629184736,-0.19365945927971812,447.44943805198244
490,1.2130976999791834,-0.3164084496948019,-1.092312764672579,0.14171691363990474,508.7753224880489
491,0.5049872789804571,-0.11473644146689901,-0.7925207384327007,0.8657551941701215,500.83736302222314
492,0.6127739050625697,-1.0399059271255309,1.1081828167375165,-1.0534155631736561,504.7873701480671
493,0.6543656563540577,1.496044311489183,-1.7787202489042786,-0.05558467091045507,450.2912385946938
494,0.09707754934804039,0.5132674331133561,-0.5297602037670388,0.9686449905328892,540.9720076958625
495,0.4400144500533324,-2.198805956620082,-1.448013900416244,-0.5020542243526112,412.46354624847515
496,0.03408346825922607,-1.2239402667622565,-0.6492775450660071,-0.7699732310586418,468.6702893397743
497,0.32135721545027307,0.3287624103034804,-0.06413834659299254,0.42192075423528475,535.036644273318
498,-0.7424705856980482,0.1946074552372427,-0.622649361734452,-1.3200225112207058,429.52504868305726
499,0.39445214237829684,-0.4325581878196209,-0.48760622407249354,-0.42098448082026296,492.4792072897714
500,0.3801978510059632,-1.3353443587101013,0.17770100093325383,0.6105857452838231,530.6560103107341
